"Nombre del autor","Nombre de la obra en inglés o idioma original","Versión en Español"
"Agatha Christie","And Then There Were None","Y no quedó ninguno"
"Agatha Christie","Murder on the Orient Express","Asesinato en el Orient Express"
"Aldous Huxley","Brave New World","Un mundo feliz"
"Aldous Huxley","Island","La isla"
"Alexandre Dumas","The Count of Monte Cristo","El conde de Montecristo"
"Alexandre Dumas","The Three Musketeers","Los tres mosqueteros"
"Alice Sebold","The Almost Moon","Casi la luna"
"Alice Sebold","The Lovely Bones","Desde mi cielo"
"Anita Diamant","The Last Days of Dogtown",""
"Anita Diamant","The Red Tent","La tienda roja"
"Ann Brashares","My Name Is Memory",""
"Ann Brashares","The Sisterhood of the Traveling Pants","Verano en vaqueros"
"Anne McCaffrey","Dragonflight","El vuelo del dragón"
"Anne McCaffrey","The White Dragon","El dragón blanco"
"Anne Rice","Interview with the Vampire","Entrevista con el vampiro"
"Anne Rice","The Vampire Lestat","Lestat el vampiro"
"Anthony Burgess","A Clockwork Orange","La naranja mecánica"
"Anthony Burgess","Earthly Powers","Poderes terrenales"
"Antoine de Saint-Exupéry","Night Flight","Vuelo nocturno"
"Antoine de Saint-Exupéry","The Little Prince","El principito"
"Arthur C. Clarke","2001: A Space Odyssey","2001: Una odisea espacial"
"Arthur C. Clarke","Rendezvous with Rama","Cita con Rama"
"Arthur Conan Doyle","canon of Sherlock Holmes","Canon de Sherlock Holmes"
"Arthur Conan Doyle","The Lost World","El mundo perdido"
"Audrey Niffenegger","Her Fearful Symmetry","Una inquietante simetría"
"Audrey Niffenegger","The Time Traveler's Wife","La mujer del viajero en el tiempo"
"Barbara Kingsolver","Animal, Vegetable, Miracle","Animal, vegetal, milagro"
"Barbara Kingsolver","The Poisonwood Bible","La Biblia envenenada"
"Bayard Taylor","Hannah Thurston",""
"Bayard Taylor","Views A-Foot",""
"Beatrice Sparks","Go Ask Alice","Pregúntale a Alicia"
"Beatrice Sparks","Jay’s Journal","Diario de Jay: historia verídica de un joven atrapado por el satanismo"
"Benjamin Franklin","Poor Richard’s Almanack","El almanaque del pobre Richard"
"Benjamin Franklin","The Autobiography of Benjamin Franklin","Autobiografía de Benjamin Franklin"
"Bernard DeVoto","Across the Wide Missouri","Más allá del ancho Misuri"
"Bernard DeVoto","The Course of Empire",""
"Betty Smith","A Tree Grows in Brooklyn","Un árbol crece en Brooklyn"
"Betty Smith","Tomorrow Will Be Better","Mañana puede ser un gran día"
"Bobbie Ann Mason","In Country",""
"Bobbie Ann Mason","Shiloh and Other Stories",""
"Boris Pasternak","Doctor Zhivago","Doctor Zhivago"
"Boris Pasternak","My Sister, Life","Mi hermana, la vida"
"Bram Stoker","Dracula","Drácula"
"Bram Stoker","The Jewel of Seven Stars","La joya de las siete estrellas"
"Brandon Sanderson","Mistborn: The Final Empire","El imperio final"
"Brandon Sanderson","The Way of Kings","El camino de los reyes"
"Brian Jacques","Mossflower","Mossflower"
"Brian Jacques","Redwall","Redwall"
"C. S. Lewis","Mere Christianity","Mero cristianismo"
"C. S. Lewis","The Chronicles of Narnia","Las crónicas de Narnia"
"Candace Bushnell","Lipstick Jungle","Mujeres de Manhattan"
"Candace Bushnell","Sex and the City","Sexo en Nueva York"
"Carson McCullers","The Heart Is a Lonely Hunter","El corazón es un cazador solitario"
"Carson McCullers","The Member of the Wedding","Frankie y la boda"
"Charles Bukowski","I Am Visited by an Editor and a Poet","Me visita un editor y un poeta"
"Charles Bukowski","Post Office","Cartero"
"Charles Dickens","A Christmas Carol","Cuento de Navidad"
"Charles Dickens","The Pickwick Papers","Los papeles póstumos del Club Pickwick"
"Charlotte Brontë","Jane Eyre","Jane Eyre"
"Charlotte Brontë","Villette","Villette"
"Chrétien de Troyes","Erec and Enide","Erec y Enide"
"Chrétien de Troyes","Yvain, the Knight of the Lion","Yvain o el caballero del león"
"Chuck Palahniuk","Choke","Asfixia"
"Chuck Palahniuk","Fight Club","El club de la lucha"
"Clement Clarke Moore","A Compendious Lexicon of the Hebrew Language",""
"Clement Clarke Moore","A Visit from St. Nicholas","Cuento de Nochebuena: una visita de San Nicolás"
"Cormac McCarthy","Blood Meridian","Meridiano de sangre"
"Cormac McCarthy","Suttree","Suttree"
"D. H. Lawrence","Sons and Lovers","Hijos y amantes"
"D. H. Lawrence","The Rainbow","El arco iris"
"Dan Brown","Angels & Demons","Ángeles y demonios"
"Dan Brown","The Da Vinci Code","El código Da Vinci"
"Daphne du Maurier","Jamaica Inn","La posada de Jamaica"
"Daphne du Maurier","Rebecca","Rebeca"
"Dashiell Hammett","The Maltese Falcon","El halcón maltés"
"Dashiell Hammett","The Thin Man","El hombre delgado"
"David Foster Wallace","Infinite Jest","La broma infinita"
"David Foster Wallace","The Pale King","El rey pálido"
"Deborah Harkness","A Discovery of Witches","El descubrimiento de las brujas"
"Deborah Harkness","Shadow of Night","La sombra de la noche"
"Diana Gabaldon","Dragonfly in Amber","Atrapada en el tiempo"
"Diana Gabaldon","Outlander","Forastera"
"Don DeLillo","Libra","Libra"
"Don DeLillo","White Noise","Ruido de fondo"
"Donna Tartt","The Little Friend","El pequeño amigo"
"Donna Tartt","The Secret History","El secreto"
"Dorothy Parker","Big Blonde","Rubia grande"
"Dorothy Parker","Selected Poems","Poemas seleccionados"
"Dr. Seuss","Green Eggs and Ham","Huevos verdes con jamón"
"Dr. Seuss","The Cat in the Hat","El gato ensombrerado"
"E. B. White","Charlotte’s Web","La telaraña de Carlota"
"E. B. White","Stuart Little","Stuart Little"
"E. L. James","Fifty Shades Darker","Cincuenta sombras más oscuras"
"E. L. James","Fifty Shades of Grey","Cincuenta sombras de Grey"
"Edgar Allan Poe","The Cask of Amontillado","El barril de amontillado"
"Edgar Allan Poe","The Fall of the House of Usher","La caída de la Casa Usher"
"Edward Albee","The Goat, or Who Is Sylvia?","La cabra o ¿Quién es Sylvia?"
"Edward Albee","Who's Afraid of Virginia Woolf?","¿Quién teme a Virginia Woolf?"
"Emily Brontë","Poems by Currer, Ellis, and Acton Bell",""
"Emily Brontë","Wuthering Heights","Cumbres borrascosas"
"Eric Carle","The Grouchy Ladybug","La mariquita gruñona"
"Eric Carle","The Very Hungry Caterpillar","La pequeña oruga glotona"
"Erin Morgenstern","The Night Circus","El circo de la noche"
"Erin Morgenstern","The Starless Sea","El mar sin estrellas"
"Erle Stanley Gardner","Cool and Lam",""
"Erle Stanley Gardner","Perry Mason","Perry Mason"
"Ernest Cline","Armada","Armada"
"Ernest Cline","Ready Player One","Ready Player One"
"Ernest Hemingway","A Moveable Feast","París era una fiesta"
"Ernest Hemingway","The Sun Also Rises","Fiesta"
"Esther Forbes","Johnny Tremain",""
"Esther Forbes","Paul Revere and the World He Lived In",""
"Eudora Welty","A Curtain of Green","Una cortina de follaje"
"Eudora Welty","A Worn Path","El sendero trillado"
"Eugene O'Neill","Long Day's Journey into Night","Largo viaje hacia la noche"
"Eugene O'Neill","The Iceman Cometh","Aquí está el vendedor de hielo"
"Evelyn Waugh","A Handful of Dust","Un puñado de polvo"
"Evelyn Waugh","Brideshead Revisited","Retorno a Brideshead"
"F. Scott Fitzgerald","Tender Is the Night","Suave es la noche"
"F. Scott Fitzgerald","The Great Gatsby","El gran Gatsby"
"Frances Hodgson Burnett","A Little Princess","La princesita"
"Frances Hodgson Burnett","Little Lord Fauntleroy","El pequeño lord"
"Frank Herbert","Dune","Dune"
"Frank Herbert","Dune Messiah","El mesías de Dune"
"Franz Kafka","The Metamorphosis","La metamorfosis"
"Franz Kafka","The Trial","El proceso"
"Fyodor Dostoyevsky","Crime and Punishment","Crimen y castigo"
"Fyodor Dostoyevsky","Notes from Underground","Memorias del subsuelo"
"Gabriel García Márquez","Love in the Time of Cholera","El amor en los tiempos del cólera"
"Gabriel García Márquez","One Hundred Years of Solitude","Cien años de soledad"
"Garth Nix","Sabriel","Sabriel"
"Garth Nix","The Keys to the Kingdom","Las llaves del Reino"
"Gayle Forman","If I Stay","Si decido quedarme"
"Gayle Forman","Where She Went","Lo que fue de ella"
"George Orwell","Animal Farm","Rebelión en la granja"
"George Orwell","Nineteen Eighty-Four","1984"
"George R. R. Martin","A Clash of Kings","Choque de reyes"
"George R. R. Martin","A Game of Thrones","Juego de tronos"
"George Washington","Rules of Civility and Decent Behaviour",""
"George Washington","The Papers of George Washington",""
"Gillian Flynn","Dark Places","Lugares oscuros"
"Gillian Flynn","Gone Girl","Perdida"
"Graham Greene","The Power and the Glory","El poder y la gloria"
"Graham Greene","The Quiet American","El americano tranquilo"
"Guillermo Cabrera Infante","La Habana para un infante difunto","La Habana para un infante difunto"
"Guillermo Cabrera Infante","Tres tristes tigres","Tres tristes tigres"
"Gustave Flaubert","Madame Bovary","Madame Bovary"
"Gustave Flaubert","Salammbô","Salambó"
"H. G. Wells","The Outline of History","Esquema de la historia universal"
"H. G. Wells","The Time Machine","La máquina del tiempo"
"Harlan Coben","Tell No One","No se lo digas a nadie"
"Harlan Coben","The Stranger","El extraño"
"Harper Lee","Go Set a Watchman","Ve y pon un centinela"
"Harper Lee","To Kill a Mockingbird","Matar a un ruiseñor"
"Haruki Murakami","A Wild Sheep Chase","La caza del carnero salvaje"
"Haruki Murakami","Norwegian Wood","Tokio blues"
"Helen Fielding","Bridget Jones: The Edge of Reason","Bridget Jones: Sobreviviré"
"Helen Fielding","Bridget Jones’s Diary","El diario de Bridget Jones"
"Herman Melville","Bartleby, the Scrivener","Bartleby, el escribiente"
"Herman Melville","Moby-Dick","Moby Dick"
"Homer","Iliad","Ilíada"
"Homer","Odyssey","Odisea"
"Hunter S. Thompson","Fear and Loathing in Las Vegas","Miedo y asco en Las Vegas"
"Hunter S. Thompson","The Rum Diary","El diario del ron"
"Ian Fleming","Casino Royale","Casino Royale"
"Ian Fleming","From Russia, with Love","Desde Rusia con amor"
"Isaac Asimov","Foundation series","Ciclo de la Fundación"
"Isaac Asimov","Robot series","Serie de los robots"
"J. D. Salinger","Nine Stories","Nueve cuentos"
"J. D. Salinger","The Catcher in the Rye","El guardián entre el centeno"
"J. R. R. Tolkien","The Hobbit","El hobbit"
"J. R. R. Tolkien","The Lord of the Rings","El Señor de los Anillos"
"Jack Kerouac","Big Sur","Big Sur"
"Jack Kerouac","On the Road","En el camino"
"Jack London","The Call of the Wild","La llamada de lo salvaje"
"Jack London","The People of the Abyss","El pueblo del abismo"
"James Joyce","A Portrait of the Artist as a Young Man","Retrato del artista adolescente"
"James Joyce","Dubliners","Dublineses"
"James M. Cain","Double Indemnity","Pacto de sangre"
"James M. Cain","The Postman Always Rings Twice","El cartero siempre llama dos veces"
"James Patterson","Along Came a Spider","La hora de la araña"
"James Patterson","Kiss the Girls","El coleccionista de amantes"
"Jane Austen","Emma","Emma"
"Jane Austen","Pride and Prejudice","Orgullo y prejuicio"
"Jhumpa Lahiri","Interpreter of Maladies","Intérprete de emociones"
"Jhumpa Lahiri","The Namesake","El buen nombre"
"Jim Butcher","The Codex Alera","Codex Alera"
"Jim Butcher","The Dresden Files","La saga de Harry Dresden"
"Joanne K. Rowling","Harry Potter and the Philosopher's Stone","Harry Potter y la piedra filosofal"
"Joanne K. Rowling","ሃሪ ፖተር","Harry Potter"
"John Betjeman","Collected Poems",""
"John Betjeman","Summoned by Bells",""
"John Cheever","The Sorrows of Gin","Las penas de la ginebra"
"John Cheever","The Swimmer","El nadador"
"John Green","An Abundance of Katherines","El teorema Katherine"
"John Green","Looking for Alaska","Buscando a Alaska"
"John Irving","The Cider House Rules","Príncipes de Maine, reyes de Nueva Inglaterra"
"John Irving","The World According to Garp","El mundo según Garp"
"John Kennedy Toole","A Confederacy of Dunces","La conjura de los necios"
"John Kennedy Toole","The Neon Bible","La Biblia de neón"
"John le Carré","The Spy Who Came in from the Cold","El espía que surgió del frío"
"John le Carré","Tinker Tailor Soldier Spy","El topo"
"John Steinbeck","Of Mice and Men","De ratones y hombres"
"John Steinbeck","The Grapes of Wrath","Las uvas de la ira"
"John Updike","Rabbit, Run","Corre, Conejo"
"John Updike","The Witches of Eastwick","Las brujas de Eastwick"
"Jonathan Franzen","Freedom","Libertad"
"Jonathan Franzen","The Corrections","Las correcciones"
"Jonathan Swift","A Modest Proposal","Una modesta proposición"
"Jonathan Swift","Gulliver's Travels","Los viajes de Gulliver"
"Joseph Conrad","Heart of Darkness","El corazón de las tinieblas"
"Joseph Conrad","Lord Jim","Lord Jim"
"Joseph Heller","Catch-22","Trampa-22"
"Joseph Heller","God Knows","Dios sabe"
"Juan Carlos Onetti","El astillero","El astillero"
"Juan Carlos Onetti","Juntacadáveres","Juntacadáveres"
"Julio Cortázar","Bestiario","Bestiario"
"Julio Cortázar","Rayuela","Rayuela"
"Junot Díaz","Drown","Los boys"
"Junot Díaz","The Brief Wondrous Life of Oscar Wao","La maravillosa vida breve de Óscar Wao"
"Ken Follett","Eye of the Needle","La isla de las tormentas"
"Ken Follett","The Pillars of the Earth","Los pilares de la Tierra"
"Kenneth Roberts","Arundel",""
"Kenneth Roberts","Northwest Passage","Paso del Noroeste"
"Khaled Hosseini","A Thousand Splendid Suns","Mil soles espléndidos"
"Khaled Hosseini","The Kite Runner","Cometas en el cielo"
"Kurt Vonnegut","Cat's Cradle","Cuna de gato"
"Kurt Vonnegut","Slaughterhouse-Five","Matadero cinco"
"Lafcadio Hearn","Glimpses of Unfamiliar Japan",""
"Lafcadio Hearn","Kwaidan","Kwaidan"
"Laura Numeroff","If You Give a Moose a Muffin","Si le das un panecillo a un alce"
"Laura Numeroff","If You Give a Mouse a Cookie","Si le das una galletita a un ratón"
"Laurie Halse Anderson","Catalyst",""
"Laurie Halse Anderson","Speak","Habla"
"Lee Child","Die Trying","Morir en el intento"
"Lee Child","Killing Floor","Zona peligrosa"
"Lemony Snicket","A Series of Unfortunate Events","Una serie de catastróficas desdichas"
"Lemony Snicket","All the Wrong Questions","Todas las preguntas equivocadas"
"Leo Tolstoy","Anna Karenina","Ana Karenina"
"Leo Tolstoy","War and Peace","Guerra y paz"
"Lewis Carroll","Alice's Adventures in Wonderland","Alicia en el país de las maravillas"
"Lewis Carroll","Through the Looking-Glass","A través del espejo"
"Lisa See","Shanghai Girls","Las hijas de Shanghái"
"Lisa See","Snow Flower and the Secret Fan","El abanico de seda"
"Lois Lowry","Number the Stars","¿Quién cuenta las estrellas?"
"Lois Lowry","The Giver","El dador"
"Louis Sachar","Holes","Hoyos"
"Louis Sachar","Sideways Stories from Wayside School",""
"Lydia Maria Child","An Appeal in Favor of that Class of Americans Called Africans",""
"Lydia Maria Child","Hobomok: A Tale of Early Times",""
"Lydia Sigourney","Letters to Mothers",""
"Lydia Sigourney","Pocahontas and Other Poems",""
"Madeleine L’Engle","A Wind in the Door",""
"Madeleine L’Engle","A Wrinkle in Time","Una arruga en el tiempo"
"Margaret Atwood","Cat's Eye","Ojo de gato"
"Margaret Atwood","The Handmaid's Tale","El cuento de la criada"
"Margaret Mitchell","Gone with the Wind","Lo que el viento se llevó"
"Margaret Mitchell","Lost Laysen","Laysen, la isla perdida"
"Marion Zimmer Bradley","The Door Through Space","La puerta del espacio"
"Marion Zimmer Bradley","The Mists of Avalon","Las nieblas de Avalón"
"Mark Twain","Adventures of Huckleberry Finn","Las aventuras de Huckleberry Finn"
"Mark Twain","The Adventures of Tom Sawyer","Las aventuras de Tom Sawyer"
"Markus Zusak","The Book Thief","La ladrona de libros"
"Markus Zusak","The Underdog",""
"Mary Shelley","Frankenstein; or, The Modern Prometheus","Frankenstein o el moderno Prometeo"
"Mary Shelley","The Last Man","El último hombre"
"Maurice Sendak","In the Night Kitchen","La cocina de noche"
"Maurice Sendak","Where the Wild Things Are","Donde viven los monstruos"
"Maya Angelou","And Still I Rise","Y aun así me levanto"
"Maya Angelou","I Know Why the Caged Bird Sings","Yo sé por qué canta el pájaro enjaulado"
"Miguel de Cervantes","Don Quijote de la Mancha, segunda parte","Don Quijote de la Mancha, segunda parte"
"Miguel de Cervantes","Don Quixote","Don Quijote de la Mancha"
"Miguel de Cervantes","Exemplary Novels","Novelas ejemplares"
"Miguel de Cervantes","Novelas ejemplares","Novelas ejemplares"
"Munro Leaf","The Story of Ferdinand","El cuento de Ferdinando"
"Munro Leaf","Wee Gillis",""
"Neal Stephenson","Cryptonomicon","Criptonomicón"
"Neal Stephenson","Snow Crash","Snow Crash"
"Neil Gaiman","American Gods","American Gods"
"Neil Gaiman","The Sandman","The Sandman"
"Nicholas Sparks","A Walk to Remember","Un paseo para recordar"
"Nicholas Sparks","The Notebook","El diario de Noah"
"Nora Roberts","Naked in Death","Desnuda ante la muerte"
"Nora Roberts","The Bride Quartet","Cuarteto de novias"
"Norman Collins","Bond Street Story",""
"Norman Collins","London Belongs to Me","Londres me pertenece"
"Norman Mailer","The Executioner’s Song","La canción del verdugo"
"Norman Mailer","The Naked and the Dead","Los desnudos y los muertos"
"Norton Juster","The Dot and the Line","El punto y la línea"
"Norton Juster","The Phantom Tollbooth","La cabina mágica"
"Octavia E. Butler","Kindred","Parentesco"
"Octavia E. Butler","Lilith's Brood","La estirpe de Lilith"
"Oliver Bell Bunce","Bachelor Bluff",""
"Oliver Bell Bunce","The Romance of the Revolution",""
"Orson Scott Card","Ender’s Game","El juego de Ender"
"Orson Scott Card","Speaker for the Dead","La voz de los muertos"
"Oscar Wilde","The Importance of Being Earnest","La importancia de llamarse Ernesto"
"Oscar Wilde","The Picture of Dorian Gray","El retrato de Dorian Gray"
"P. D. James","Cover Her Face","Cubridle el rostro"
"P. D. James","The Children of Men","Hijos de hombres"
"P. G. Wodehouse","Right Ho, Jeeves","Muy bien, Jeeves"
"P. G. Wodehouse","The Code of the Woosters","El código de los Wooster"
"Pablo Neruda","Confieso que he vivido","Confieso que he vivido"
"Pablo Neruda","Odas elementales","Odas elementales"
"Patricia Highsmith","Strangers on a Train","Extraños en un tren"
"Patricia Highsmith","The Price of Salt","Carol"
"Patrick Rothfuss","The Name of the Wind","El nombre del viento"
"Patrick Rothfuss","The Wise Man's Fear","El temor de un hombre sabio"
"Philip K. Dick","Do Androids Dream of Electric Sheep?","¿Sueñan los androides con ovejas eléctricas?"
"Philip K. Dick","Ubik","Ubik"
"Philip Larkin","High Windows","Ventanas altas"
"Philip Larkin","The Whitsun Weddings","Las bodas de Pentecostés"
"Philip Pullman","His Dark Materials","La materia oscura"
"Philip Pullman","The Good Man Jesus and the Scoundrel Christ","El buen Jesús y Cristo el malvado"
"Ralph Ellison","Invisible Man","El hombre invisible"
"Ralph Ellison","Juneteenth",""
"Ramón del Valle-Inclán","Luces de bohemia","Luces de bohemia"
"Ramón del Valle-Inclán","Sonatas","Sonatas"
"Ray Bradbury","Fahrenheit 451","Fahrenheit 451"
"Ray Bradbury","Something Wicked This Way Comes","La feria de las tinieblas"
"Raymond Carver","Cathedral","Catedral"
"Raymond Carver","What We Talk About When We Talk About Love","De qué hablamos cuando hablamos de amor"
"Raymond Chandler","The Big Sleep","El sueño eterno"
"Raymond Chandler","The Long Goodbye","El largo adiós"
"Richard Hughes","A High Wind in Jamaica","Huracán en Jamaica"
"Richard Hughes","Danger",""
"Ring Lardner","Haircut",""
"Ring Lardner","You Know Me Al",""
"Roald Dahl","Charlie and the Chocolate Factory","Charlie y la fábrica de chocolate"
"Roald Dahl","James and the Giant Peach","James y el melocotón gigante"
"Robert A. Heinlein","Farnham's Freehold","Los dominios de Farnham"
"Robert A. Heinlein","Starship Troopers","Tropas del espacio"
"Robert Jordan","The Eye of the World","El ojo del mundo"
"Robert Jordan","The Great Hunt","La gran cacería"
"Robert Louis Stevenson","Kidnapped","Secuestrado"
"Robert Louis Stevenson","Treasure Island","La isla del tesoro"
"Robert Penn Warren","Night Rider",""
"Robert Penn Warren","Understanding Poetry",""
"Robin Hobb","Assassin's Apprentice","Aprendiz de asesino"
"Robin Hobb","Royal Assassin","Asesino real"
"Robin McKinley","Beauty",""
"Robin McKinley","The Hero and the Crown",""
"Salman Rushdie","Midnight’s Children","Hijos de la medianoche"
"Salman Rushdie","The Satanic Verses","Los versos satánicos"
"Samuel Pepys","Memoires Relating to the State of the Royal Navy",""
"Samuel Pepys","The Diary of Samuel Pepys","Diario de Samuel Pepys"
"Sara Gruen","At the Water’s Edge","A la orilla del agua"
"Sara Gruen","Water for Elephants","Agua para elefantes"
"Sarah Dessen","Just Listen","Just Listen"
"Sarah Dessen","The Truth About Forever","La verdad sobre para siempre"
"Shel Silverstein","The Giving Tree","El árbol generoso"
"Shel Silverstein","Where the Sidewalk Ends","Donde termina la acera"
"Stephen Chbosky","Imaginary Friend","Amigo imaginario"
"Stephen Chbosky","The Perks of Being a Wallflower","Las ventajas de ser un marginado"
"Stephen King","On Writing: A Memoir of the Craft","Mientras escribo"
"Stephen King","The Shining","El resplandor"
"Stephenie Meyer","The Host","La huésped"
"Stephenie Meyer","Twilight","Crepúsculo"
"Stieg Larsson","The Girl Who Played with Fire","La chica que soñaba con una cerilla y un bidón de gasolina"
"Stieg Larsson","The Girl with the Dragon Tattoo","Los hombres que no amaban a las mujeres"
"Susanna Clarke","Jonathan Strange & Mr Norrell","Jonathan Strange y el señor Norrell"
"Susanna Clarke","Piranesi","Piranesi"
"Suzanne Collins","Gregor the Overlander","Gregor 1: Las tierras bajas"
"Suzanne Collins","The Hunger Games","Los juegos del hambre"
"Sylvia Plath","Ariel","Ariel"
"Sylvia Plath","The Bell Jar","La campana de cristal"
"T. H. White","The Once and Future King","El rey que fue y será"
"T. H. White","The Sword in the Stone","La espada en la piedra"
"Ted Kooser","Delights & Shadows",""
"Ted Kooser","Local Wonders",""
"Tennessee Williams","A Streetcar Named Desire","Un tranvía llamado Deseo"
"Tennessee Williams","Cat on a Hot Tin Roof","La gata sobre el tejado de zinc"
"Terry Brooks","The Elfstones of Shannara","Las piedras élficas de Shannara"
"Terry Brooks","The Sword of Shannara","La espada de Shannara"
"Terry Pratchett","Guards! Guards!","¡Guardias! ¡Guardias!"
"Terry Pratchett","Small Gods","Dioses menores"
"Theodore Roosevelt","The Naval War of 1812",""
"Theodore Roosevelt","The Rough Riders",""
"Thomas Harris","Red Dragon","Dragón rojo"
"Thomas Harris","The Silence of the Lambs","El silencio de los corderos"
"Thomas Jefferson","Notes on the State of Virginia","Notas sobre el estado de Virginia"
"Thomas Jefferson","The Declaration of Independence","Declaración de Independencia"
"Thomas Pynchon","Gravity’s Rainbow","El arco iris de gravedad"
"Thomas Pynchon","The Crying of Lot 49","La subasta del lote 49"
"Toni Morrison","Beloved","Beloved"
"Toni Morrison","Song of Solomon","La canción de Salomón"
"Truman Capote","Breakfast at Tiffany's","Desayuno en Tiffany's"
"Truman Capote","In Cold Blood","A sangre fría"
"Umberto Eco","Foucault’s Pendulum","El péndulo de Foucault"
"Umberto Eco","The Name of the Rose","El nombre de la rosa"
"Ursula K. Le Guin","Earthsea series","Ciclo de Terramar"
"Ursula K. Le Guin","The Left Hand of Darkness","La mano izquierda de la oscuridad"
"Victor Hugo","Les Misérables","Los miserables"
"Victor Hugo","The Hunchback of Notre Dame","Nuestra Señora de París"
"Virginia Woolf","Mrs Dalloway","La señora Dalloway"
"Virginia Woolf","To the Lighthouse","Al faro"
"Vladimir Nabokov","Lolita","Lolita"
"Vladimir Nabokov","Pale Fire","Pálido fuego"
"Voltaire","Candide","Cándido"
"Voltaire","Zadig or Destiny","Zadig o el destino"
"Walker Percy","The Moviegoer","El cinéfilo"
"Walker Percy","The Thanatos Syndrome","El síndrome de Thanatos"
"Walter Scott","Rob Roy","Rob Roy"
"Walter Scott","Waverley","Waverley"
"Washington Irving","Rip Van Winkle","Rip Van Winkle"
"Washington Irving","The Legend of Sleepy Hollow","La leyenda de Sleepy Hollow"
"William Butler Yeats","The Tower","La torre"
"William Butler Yeats","The Wild Swans at Coole","Los cisnes salvajes de Coole"
"William Faulkner","As I Lay Dying","Mientras agonizo"
"William Faulkner","The Sound and the Fury","El ruido y la furia"
"William Gibson","Neuromancer","Neuromante"
"William Gibson","Pattern Recognition","Mundo espejo"
"William Golding","Lord of the Flies","El señor de las moscas"
"William Golding","To the Ends of the Earth","Trilogía del mar"
"William Goldman","Marathon Man","Marathon Man"
"William Goldman","The Princess Bride","La princesa prometida"
"William S. Burroughs","Junkie","Yonqui"
"William S. Burroughs","Naked Lunch","El almuerzo desnudo"
"William Shakespeare","Hamlet","Hamlet"
"William Shakespeare","Romeo and Juliet","Romeo y Julieta"
"Yann Martel","Life of Pi","La vida de Pi"
"Yann Martel","The High Mountains of Portugal","Las altas montañas de Portugal"
"Zelda Fitzgerald","Save Me the Waltz","Resérvame el vals"
"Zelda Fitzgerald","Scandalabra",""
"Zora Neale Hurston","Mules and Men","Mulas y hombres"
"Zora Neale Hurston","Their Eyes Were Watching God","Sus ojos miraban a Dios"
"دوغلاس آدمز","Dirk Gently series","Serie de Dirk Gently"
"دوغلاس آدمز","The Hitchhiker's Guide to the Galaxy","Guía del autoestopista galáctico"
